p,pts,mode,eigenvalue,iterations,L2_error
2,30,1,-1.1394151315065828,100,0.9750221628387357
2,30,2,-1.6771378757810118,22,0.9992234420177111
